cid,id_instalacion,rut_jefe_cierre,fecha_cierre,fecha_apertura
0,103,44715611-3,2012-01-23 00:43:47,2012-01-31 06:54:04
1,173,91995839-1,2017-08-21 02:29:25,2017-08-26 02:50:30
2,18,82645956-5,2015-12-17 00:16:27,2015-12-20 16:05:18
3,34,14200344-9,2017-10-18 07:34:56,2017-10-27 17:02:28
4,91,74415365-4,2019-08-29 00:03:15,2019-09-10 15:26:21
5,174,41091494-8,2017-07-02 15:46:45,2017-07-06 19:52:42
6,88,73324033-4,2013-12-11 00:19:37,2013-12-24 02:38:44
7,46,67629255-1,2020-01-11 04:41:41,2020-01-17 15:41:58
8,153,38631846-8,2010-06-02 05:06:45,2010-06-09 14:38:50
9,192,33572631-6,2018-02-22 21:33:23,2018-03-09 06:33:55
10,191,32359787-1,2017-08-25 13:52:13,2017-09-08 15:51:00
11,28,94362008-3,2018-09-26 20:50:40,2018-10-04 00:57:34
12,82,86043030-4,2013-05-15 07:21:50,2013-05-25 08:59:44
13,13,79459402-3,2020-07-21 17:41:52,2020-07-28 22:58:38
14,144,70388205-6,2018-01-06 22:29:40,2018-01-12 05:36:38
15,183,34776869-3,2010-03-28 04:27:27,2010-04-07 15:58:53
16,105,95514882-7,2013-11-02 21:45:14,2013-11-07 11:52:29
17,207,79758989-6,2013-09-30 22:21:46,2013-10-12 22:35:59
18,21,82376572-k,2016-05-20 03:26:46,2016-05-30 12:41:18
19,56,63968995-6,2015-03-30 03:10:35,2015-04-03 17:41:23
20,125,84911278-3,2019-06-11 00:35:34,2019-06-15 06:54:53
21,160,96735305-1,2016-02-28 03:15:36,2016-03-06 11:41:39
22,184,14046488-0,2012-06-01 23:46:13,2012-06-08 02:16:50
23,77,78734770-3,2019-04-04 04:52:02,2019-04-07 07:38:53
24,10,49326776-0,2015-08-11 11:40:43,2015-08-24 18:23:12
25,116,52968708-7,2012-09-21 16:19:30,2012-09-30 02:43:16
26,134,80698616-k,2013-02-16 17:00:30,2013-03-03 03:28:17
27,210,83386046-1,2020-09-04 10:06:12,2020-09-14 02:23:01
28,185,86555166-5,2013-12-24 06:16:08,2013-12-30 16:52:18
29,27,69402733-4,2016-02-04 20:35:48,2016-02-08 02:06:06
30,213,72800848-2,2015-02-22 20:57:26,2015-02-26 23:20:58
31,140,68377701-3,2013-10-28 18:39:37,2013-11-02 04:04:43
32,164,61995722-9,2013-11-12 08:06:10,2013-11-23 11:24:35
33,60,54121962-5,2019-03-26 16:24:20,2019-04-07 21:01:36
34,115,27952560-4,2014-10-07 00:06:01,2014-10-11 13:14:54
35,129,20180335-7,2012-08-30 14:52:01,2012-09-07 06:49:23
36,203,75129314-3,2019-01-05 05:58:33,2019-01-08 20:43:10
37,171,11091024-k,2019-01-08 17:11:14,2019-01-18 23:33:26
38,65,71134226-5,2016-08-18 11:01:08,2016-08-27 03:40:55
39,101,89146700-1,2017-02-06 04:26:09,2017-02-17 16:17:03
40,48,11554909-k,2013-03-22 14:03:33,2013-03-30 00:31:48
41,133,31113786-7,2013-05-28 04:36:20,2013-06-03 06:51:51
42,10,11118739-8,2014-01-21 19:00:16,2014-02-04 06:59:03
43,28,83118985-1,2013-02-24 00:58:46,2013-03-07 03:42:00
44,31,90471139-k,2011-03-19 08:20:07,2011-04-03 00:13:42
45,148,89671041-9,2016-07-11 00:12:12,2016-07-18 06:37:45
46,25,42226798-0,2019-10-01 16:08:08,2019-10-14 08:44:54
47,102,34643031-1,2010-04-16 01:14:24,2010-04-28 02:11:09
48,47,27183294-k,2012-01-09 04:34:41,2012-01-19 06:03:18
49,21,35340502-0,2019-08-28 11:12:00,2019-09-06 03:39:40
50,207,79758989-6,2015-12-19 14:57:37,2015-12-28 22:37:46
51,201,86683089-4,2017-07-01 04:40:56,2017-07-06 20:40:40
52,200,35662780-6,2010-09-08 22:07:44,2010-09-17 06:18:08
53,135,70624789-0,2011-04-29 19:02:02,2011-05-10 20:16:00
54,100,34996262-4,2011-09-29 12:20:29,2011-10-13 15:23:09
55,1,73842540-5,2013-10-16 04:47:09,2013-10-19 18:04:04
56,105,67753422-2,2016-02-27 01:59:27,2016-03-05 11:54:30
57,59,16792411-5,2012-04-05 06:58:45,2012-04-11 16:15:00
58,146,69698793-9,2015-04-29 18:24:41,2015-05-03 00:27:02
59,84,35155157-7,2014-05-28 11:46:15,2014-06-11 12:53:51
60,78,56725663-4,2019-03-03 04:14:11,2019-03-11 12:17:20
61,72,46012714-9,2011-06-17 19:01:16,2011-06-27 21:00:10
62,173,22234852-8,2018-12-09 06:20:57,2018-12-20 15:58:34
63,193,35288330-1,2017-10-30 15:59:45,2017-11-09 03:33:16
64,79,92244003-4,2014-07-05 14:21:38,2014-07-13 01:14:38
65,185,88538509-5,2014-03-14 15:07:05,2014-03-27 07:30:16
66,139,51194123-7,2015-02-02 17:53:30,2015-02-16 22:33:14
67,34,83905334-7,2011-01-22 03:12:51,2011-02-05 03:51:32
68,3,27626683-7,2013-11-11 11:55:36,2013-11-21 15:14:50
69,74,80282829-2,2016-03-02 01:03:44,2016-03-13 11:41:10
70,36,48979148-k,2020-06-26 04:30:06,2020-07-08 09:40:24
71,174,41091494-8,2020-01-09 21:48:14,2020-01-24 00:42:51
72,147,16836029-0,2010-04-04 15:24:21,2010-04-12 02:21:46
73,11,42723522-k,2018-03-01 14:19:31,2018-03-05 20:28:51
74,212,70019535-k,2019-02-04 07:46:10,2019-02-14 15:40:12
75,0,75295314-7,2010-09-23 20:03:35,2010-10-05 21:19:35
76,41,87649058-7,2014-08-27 20:53:02,2014-09-11 11:39:41
77,137,28792266-3,2014-07-20 09:25:35,2014-07-31 17:54:34
78,148,69186141-4,2017-05-07 03:25:20,2017-05-12 10:24:37
79,198,86447590-6,2017-02-25 13:29:20,2017-03-03 19:13:01
80,108,49718772-9,2018-12-05 10:35:35,2018-12-17 02:14:59
81,209,92270331-0,2014-02-16 11:27:20,2014-02-27 17:57:53
82,100,92394961-5,2017-06-15 04:15:58,2017-06-20 10:32:32
83,182,81234956-2,2010-12-03 21:24:38,2010-12-12 09:57:40
84,7,87282538-k,2014-11-03 04:31:43,2014-11-10 16:20:01
85,191,92253121-8,2012-04-30 14:56:28,2012-05-15 05:18:06
86,41,38470405-0,2010-02-19 23:24:50,2010-03-01 10:57:43
87,160,18969557-8,2017-12-15 03:46:22,2017-12-28 15:01:45
88,109,40503382-8,2010-11-29 20:27:07,2010-12-10 10:12:28
89,14,10544563-6,2011-07-16 00:49:01,2011-07-24 08:23:59
90,133,31113786-7,2012-05-20 02:22:57,2012-06-03 18:12:24
91,109,75766984-6,2019-06-13 18:41:26,2019-06-24 20:24:44
92,165,87442136-7,2015-05-04 21:59:23,2015-05-14 00:39:19
93,24,44100123-1,2014-06-23 05:21:14,2014-07-06 10:47:44
94,101,62887150-7,2018-05-08 14:35:34,2018-05-18 16:58:51
95,143,14761964-2,2018-01-05 23:05:18,2018-01-10 11:42:17
96,108,49718772-9,2020-04-01 09:08:39,2020-04-13 21:50:07
97,147,81602032-8,2020-08-26 02:20:07,2020-09-08 02:51:24
98,176,42678415-7,2011-09-22 20:16:46,2011-10-05 06:17:17
99,41,87649058-7,2015-11-19 21:54:13,2015-11-26 11:47:18
100,74,47121914-2,2012-09-11 15:16:44,2012-09-17 22:16:10
101,200,53329659-9,2012-06-24 23:02:20,2012-07-02 10:07:09
102,154,49641463-2,2018-09-30 06:59:54,2018-10-08 11:57:07
103,89,20694588-5,2017-08-03 21:00:40,2017-08-18 03:56:38
104,10,49326776-0,2019-11-13 17:12:01,2019-11-18 07:10:29
105,202,53325503-5,2020-06-03 00:37:25,2020-06-17 09:05:51
106,0,12842111-4,2013-11-19 16:55:12,2013-11-23 05:19:10
107,141,10959343-5,2019-05-19 07:22:15,2019-05-27 15:02:13
108,96,94688326-3,2013-08-25 20:10:03,2013-08-29 09:48:20
109,208,96964691-9,2019-04-15 15:08:21,2019-04-20 23:26:36
110,87,78156640-3,2014-03-03 00:02:20,2014-03-06 01:50:44
111,79,92244003-4,2014-12-06 18:52:03,2014-12-19 03:00:09
112,180,61514910-1,2011-06-16 19:20:46,2011-06-29 07:19:08
113,96,49891081-5,2015-06-04 00:06:55,2015-06-09 10:29:04
114,59,75910499-4,2019-12-17 23:16:28,2019-12-21 03:58:06
115,118,30001031-8,2018-05-22 17:23:02,2018-05-28 18:59:32
116,34,83905334-7,2016-03-27 17:36:50,2016-04-06 06:42:48
117,96,95623149-3,2018-02-01 09:05:36,2018-02-08 21:19:23
118,196,22060310-5,2010-10-23 01:43:45,2010-11-04 09:35:47
119,194,51616764-5,2018-04-13 00:42:13,2018-04-25 14:12:03
120,36,70876733-6,2013-05-08 06:07:59,2013-05-12 19:55:11
121,155,19209075-k,2018-01-23 08:23:14,2018-02-06 23:44:48
122,130,16636734-4,2011-11-28 13:26:20,2011-12-04 23:45:18
123,95,49036882-5,2014-08-29 04:47:29,2014-09-01 08:00:18
124,18,70638696-3,2011-09-08 17:14:32,2011-09-22 22:16:03
125,23,28630079-0,2017-06-01 08:29:37,2017-06-11 21:48:20
126,67,53721649-2,2014-08-12 02:56:52,2014-08-24 05:57:47
127,21,82376572-k,2011-08-14 15:58:33,2011-08-29 06:34:33
128,173,23000993-7,2018-08-19 14:19:19,2018-08-29 15:46:14
129,91,74415365-4,2014-04-13 12:56:02,2014-04-26 16:13:03
130,16,37925650-3,2016-07-07 15:33:41,2016-07-18 21:55:26
131,157,60158787-4,2017-08-16 09:10:23,2017-08-23 20:38:11
132,4,79861684-6,2012-11-17 08:57:36,2012-11-27 14:39:38
133,170,98642893-3,2012-04-21 05:10:58,2012-04-27 08:25:14
134,196,93176945-6,2015-05-29 22:31:00,2015-06-05 11:45:47
135,11,42723522-k,2012-06-15 19:13:48,2012-06-27 05:53:51
136,203,26196183-0,2011-09-01 00:18:48,2011-09-06 04:32:29
137,180,37742604-5,2020-02-04 20:31:58,2020-02-08 10:44:27
138,110,29637564-0,2010-01-31 12:52:54,2010-02-12 20:18:02
139,133,31113786-7,2012-06-01 19:01:50,2012-06-10 03:58:49
140,15,67710168-7,2010-06-17 00:03:32,2010-06-28 03:33:01
141,87,80640357-1,2019-01-11 20:23:52,2019-01-15 11:57:45
142,160,23298314-0,2017-05-03 18:17:16,2017-05-13 03:00:56
143,40,23494123-2,2016-09-07 17:10:20,2016-09-21 05:11:26
144,55,91957885-8,2018-08-18 00:24:03,2018-08-27 01:52:54
145,179,64269343-3,2012-05-25 04:04:30,2012-05-28 07:06:07
146,133,95226644-6,2011-10-11 09:27:17,2011-10-20 18:44:49
147,32,22997103-4,2013-03-10 00:56:38,2013-03-18 09:07:58
148,52,61993529-2,2014-04-16 21:15:06,2014-04-21 07:01:32
149,84,55422937-9,2018-06-05 06:22:02,2018-06-09 20:41:09
150,117,89751595-4,2010-08-25 00:28:23,2010-09-06 13:44:50
151,203,50109588-5,2014-05-07 22:39:22,2014-05-12 07:30:46
152,209,26257768-6,2010-12-29 17:57:35,2011-01-08 20:02:49
153,211,55326528-2,2020-04-12 11:23:39,2020-04-24 16:51:24
154,86,63795324-9,2014-12-07 13:26:52,2014-12-14 19:21:02
155,201,86683089-4,2010-12-13 15:37:33,2010-12-25 04:30:27
156,8,35480818-8,2010-02-17 15:41:54,2010-03-01 03:22:06
157,110,29637564-0,2017-01-13 08:02:29,2017-01-21 13:51:44
158,194,54593722-0,2014-04-07 11:02:21,2014-04-17 22:46:26
159,78,27161682-1,2019-02-01 22:33:47,2019-02-09 08:10:59
160,37,78897889-8,2013-03-20 01:16:54,2013-03-23 07:29:52
161,94,44290962-8,2012-06-06 10:19:42,2012-06-20 21:47:58
162,168,37142311-7,2012-04-26 23:14:48,2012-05-08 11:38:02
163,24,59129614-0,2016-06-14 18:23:03,2016-06-27 06:09:04
164,119,59105378-7,2020-03-29 14:20:08,2020-04-05 18:18:44
165,65,30928102-0,2014-01-31 10:05:54,2014-02-13 13:26:36
166,204,58191750-3,2016-05-06 17:22:34,2016-05-16 06:57:50
167,77,59444986-k,2013-03-24 01:22:38,2013-04-04 10:41:23
168,136,15460166-k,2015-04-17 11:27:22,2015-04-30 22:35:50
169,192,19942007-0,2018-11-07 02:05:50,2018-11-17 09:23:38
170,19,21759577-0,2011-10-09 02:29:22,2011-10-17 03:32:55
171,81,87634133-6,2014-12-18 11:53:34,2014-12-28 22:25:13
172,4,79861684-6,2012-12-16 10:47:41,2012-12-21 20:00:12
173,154,55106753-k,2015-02-27 16:45:29,2015-03-05 01:31:46
174,45,68505645-3,2017-03-04 06:04:46,2017-03-15 12:12:35
175,114,89793517-1,2011-03-07 10:32:36,2011-03-18 00:38:20
176,21,34846808-1,2018-04-04 06:29:09,2018-04-15 12:16:38
177,71,81698647-8,2015-07-14 00:07:57,2015-07-18 09:49:54
178,204,10927357-0,2019-01-19 18:05:49,2019-01-27 05:07:12
179,177,87861767-3,2015-05-22 08:12:58,2015-05-27 14:58:18
180,89,20694588-5,2019-05-31 12:59:19,2019-06-11 05:11:22
181,42,69020528-9,2020-03-09 13:13:42,2020-03-19 19:28:17
182,207,35785969-7,2011-12-22 11:09:53,2012-01-04 00:36:01
183,138,89512502-4,2011-11-03 14:19:40,2011-11-08 22:31:41
184,39,58303600-8,2016-05-22 02:38:32,2016-05-30 06:35:53
185,58,63421928-5,2016-10-18 03:14:06,2016-10-31 15:43:14
186,137,84729190-7,2014-08-17 19:30:43,2014-08-28 20:33:23
187,164,75397524-1,2012-09-29 21:59:27,2012-10-09 03:19:26
188,41,29950437-9,2014-12-02 06:08:39,2014-12-06 08:40:48
189,75,34823992-9,2019-01-11 09:58:22,2019-01-25 13:53:32
190,88,77366538-9,2020-05-24 00:38:01,2020-05-30 06:17:43
191,119,38204359-6,2013-05-01 22:04:40,2013-05-05 12:58:38
192,25,59537115-5,2020-04-25 20:39:28,2020-05-07 22:16:55
193,114,89793517-1,2014-06-16 01:56:36,2014-06-19 13:53:35
194,167,59150917-9,2018-06-10 02:19:01,2018-06-17 18:48:24
195,139,56425505-k,2015-08-24 12:07:53,2015-08-30 14:06:10
196,145,40644356-6,2020-02-09 02:49:03,2020-02-16 18:45:39
197,113,81401624-2,2011-06-23 13:43:04,2011-07-02 18:58:47
198,203,40978316-3,2020-08-27 15:42:57,2020-09-06 18:04:59
199,131,30991735-9,2019-07-06 20:57:18,2019-07-18 03:41:39
200,54,79348268-k,2011-08-23 06:30:26,2011-09-05 11:11:51
201,123,68225683-4,2014-01-02 23:39:42,2014-01-11 10:22:14
202,160,51317447-0,2011-02-21 21:38:23,2011-03-06 12:01:30
203,15,31359212-k,2015-12-03 03:29:17,2015-12-16 06:11:27
204,110,29637564-0,2010-04-13 01:07:21,2010-04-23 05:27:10
205,101,80885102-4,2011-10-16 17:57:22,2011-10-24 07:56:01
206,117,38717290-4,2010-03-20 14:07:18,2010-04-02 23:46:59
207,134,80698616-k,2015-10-14 18:01:02,2015-10-27 04:07:38
208,100,56474633-9,2012-01-09 17:12:40,2012-01-13 01:32:06
209,91,74415365-4,2010-12-27 21:18:37,2011-01-10 08:49:35
210,127,14343597-0,2011-04-19 21:54:39,2011-05-02 09:49:12
211,63,86083776-5,2012-06-13 03:05:22,2012-06-26 06:44:42
212,211,55326528-2,2014-05-29 00:05:08,2014-06-06 05:14:57
213,102,88107942-9,2018-09-04 15:29:20,2018-09-15 03:54:37
214,143,14761964-2,2013-05-13 03:03:23,2013-05-20 18:17:22
215,65,65809271-5,2017-08-20 15:35:08,2017-08-31 19:26:55
216,175,33890329-4,2019-03-09 12:51:45,2019-03-13 13:10:26
217,86,84921010-6,2018-12-19 08:05:28,2018-12-31 23:43:52
218,198,47329036-7,2019-06-04 22:17:48,2019-06-10 10:05:54
219,133,29622397-2,2013-02-19 21:47:09,2013-03-06 13:46:33
220,154,25368817-3,2013-07-26 16:20:34,2013-07-29 19:53:25
221,153,47326835-3,2010-11-12 06:17:38,2010-11-24 07:40:19
222,30,33016426-3,2017-08-25 10:06:01,2017-09-06 00:04:34
223,74,42300579-3,2015-08-22 03:32:31,2015-08-26 11:16:45
224,50,46531952-6,2013-03-22 06:37:47,2013-03-25 09:56:39
225,194,37126798-0,2014-06-05 11:37:49,2014-06-18 22:17:05
226,67,59137080-4,2012-06-18 12:14:24,2012-06-27 16:30:26
227,14,85297873-2,2010-11-05 09:08:47,2010-11-14 22:27:07
228,156,52778909-5,2012-01-27 05:38:53,2012-02-03 12:05:26
229,143,14761964-2,2013-09-08 06:11:31,2013-09-16 20:49:42
230,112,30680313-1,2016-03-05 17:37:05,2016-03-10 03:27:30
231,27,44281327-2,2015-06-07 01:26:45,2015-06-14 08:08:40
232,211,56499633-5,2020-03-27 14:23:04,2020-04-05 21:26:18
233,144,11439340-1,2015-11-23 12:16:14,2015-11-26 23:04:57
234,168,83469143-4,2014-10-28 12:49:13,2014-11-08 19:27:34
235,192,91935122-5,2014-10-23 06:48:47,2014-10-26 23:27:39
236,143,83399209-0,2015-01-01 21:26:22,2015-01-05 08:13:08
237,29,54122700-8,2014-02-24 14:16:18,2014-03-07 05:59:48
238,74,49798131-k,2020-07-26 18:17:59,2020-08-02 10:14:12
239,159,63532763-4,2015-11-13 14:12:26,2015-11-27 16:44:09
240,29,28231652-8,2011-11-01 18:57:59,2011-11-12 20:18:18
241,82,83290634-4,2017-05-11 23:58:38,2017-05-15 15:16:15
242,82,33006349-1,2018-12-24 08:35:47,2019-01-03 15:19:46
243,136,54982068-9,2020-05-02 01:56:28,2020-05-08 14:01:53
244,140,68377701-3,2013-03-28 04:34:00,2013-04-01 14:21:45
245,75,79850677-3,2017-01-02 17:56:30,2017-01-11 04:17:28
246,214,19706256-8,2010-05-05 20:34:11,2010-05-17 01:51:48
247,203,63688364-6,2020-03-15 06:21:35,2020-03-21 13:14:35
248,94,41361801-0,2010-09-24 11:39:42,2010-10-07 13:08:07
249,11,97996738-1,2012-09-27 12:15:23,2012-10-02 01:19:57
250,143,61863167-2,2019-12-22 20:25:56,2019-12-27 22:09:31
251,208,56535213-k,2014-01-29 23:12:13,2014-02-06 23:41:12
252,188,66844166-1,2018-08-17 09:21:05,2018-08-26 01:25:16
253,98,99837067-1,2016-04-24 22:12:52,2016-05-01 09:08:19
254,135,21924647-1,2017-05-16 13:24:10,2017-05-24 00:44:27
255,187,73543707-0,2015-10-23 09:51:42,2015-11-04 22:50:32
256,97,77020926-9,2014-10-25 02:02:31,2014-11-04 05:53:29
257,180,61514910-1,2016-01-26 06:41:58,2016-02-08 11:02:06
258,93,82833215-5,2010-01-08 22:42:07,2010-01-19 23:15:19
259,163,42162871-8,2014-02-19 04:04:53,2014-02-24 07:40:16
260,51,66970190-k,2018-12-16 20:11:01,2018-12-31 11:26:41
261,191,29415476-0,2011-08-31 07:38:29,2011-09-11 10:55:33
262,46,67629255-1,2013-02-10 04:58:46,2013-02-23 16:07:11
263,170,73557956-8,2013-06-21 13:01:59,2013-07-03 17:49:52
264,99,17195049-k,2018-01-16 03:47:09,2018-01-19 10:00:52
265,80,85301240-8,2012-01-16 20:13:04,2012-01-26 12:15:20
266,136,42354523-2,2020-02-20 23:19:11,2020-02-27 14:59:18
267,0,75295314-7,2020-04-09 12:02:33,2020-04-15 00:37:39
268,85,15451762-6,2020-08-19 10:57:02,2020-08-29 20:12:31
269,32,88413708-k,2015-08-30 12:53:34,2015-09-05 00:17:52
270,42,69020528-9,2020-07-10 14:51:27,2020-07-13 18:04:59
271,6,45453849-8,2012-03-03 13:11:39,2012-03-14 13:44:29
272,202,41581842-4,2016-08-29 16:00:41,2016-09-03 19:33:06
273,119,59105378-7,2013-07-14 02:17:51,2013-07-27 04:22:53
274,161,27143992-k,2010-01-05 01:20:29,2010-01-19 13:01:34
275,197,98849412-7,2015-10-04 21:37:41,2015-10-18 23:49:05
276,9,70106627-8,2010-07-22 06:07:05,2010-07-30 22:34:42
277,97,60926655-4,2011-04-05 09:50:39,2011-04-19 11:36:36
278,90,24878659-0,2010-05-10 13:07:11,2010-05-18 16:55:52
279,107,38317707-3,2014-07-14 02:03:29,2014-07-18 11:33:35
280,23,57689116-4,2018-11-22 09:25:22,2018-11-26 22:47:44
281,161,83029887-8,2013-05-18 06:32:18,2013-05-21 18:08:20
282,189,45347413-5,2012-02-11 12:35:30,2012-02-23 02:37:09
283,81,48246125-5,2015-09-19 07:35:50,2015-09-26 20:24:57
284,117,44060880-9,2013-08-28 19:33:50,2013-09-07 03:03:19
285,72,22637365-9,2012-01-11 08:30:45,2012-01-16 19:12:04
286,57,57792927-0,2018-11-09 15:49:46,2018-11-20 06:51:00
287,44,12412672-k,2019-04-29 16:34:27,2019-05-13 21:39:42
288,61,93900888-8,2017-06-24 08:34:32,2017-07-08 15:56:46
289,20,78918085-7,2011-11-12 19:17:17,2011-11-16 02:33:59
290,15,18665525-7,2016-06-23 18:18:46,2016-07-04 03:36:30
291,17,80291272-2,2014-11-30 17:17:54,2014-12-15 09:25:15
292,67,58038177-4,2011-04-18 06:24:21,2011-04-22 21:04:21
293,201,69777560-9,2015-03-02 17:01:14,2015-03-06 08:00:55
294,114,28370900-0,2014-06-18 04:32:18,2014-06-22 15:09:49
295,79,92244003-4,2018-11-19 03:26:00,2018-11-25 18:26:56
296,215,99075946-4,2011-07-28 07:38:39,2011-08-11 10:18:27
297,38,73222374-6,2011-03-10 06:01:15,2011-03-15 12:18:55
298,118,48553208-0,2017-12-21 01:41:21,2017-12-26 02:35:39
299,191,92253121-8,2020-06-05 15:13:40,2020-06-20 04:13:21
300,78,12815044-7,2013-06-27 20:19:10,2013-07-04 06:37:51
301,54,79348268-k,2010-03-10 10:03:39,2010-03-24 00:51:12
302,183,32644502-9,2014-05-03 02:45:54,2014-05-07 14:07:19
303,80,50319391-4,2020-01-13 23:13:32,2020-01-20 12:32:17
304,96,44770429-3,2012-01-13 12:47:13,2012-01-21 15:11:06
305,135,82719046-2,2018-12-05 23:52:43,2018-12-14 07:01:25
306,127,14343597-0,2019-08-25 00:08:17,2019-09-04 14:36:56
307,18,53783913-9,2014-10-29 12:20:06,2014-11-08 01:12:32
308,183,48425773-6,2014-03-21 21:58:58,2014-03-26 03:06:18
309,12,69265725-k,2010-04-21 03:02:20,2010-05-03 16:46:21
310,211,55326528-2,2016-10-27 20:03:34,2016-11-03 22:14:53
311,0,12842111-4,2011-11-10 12:49:16,2011-11-15 12:57:03
312,144,70388205-6,2014-02-06 15:39:38,2014-02-18 02:04:24
313,160,82319208-8,2011-10-09 01:44:14,2011-10-22 12:45:04
314,37,41694611-6,2016-07-20 14:03:46,2016-08-01 21:02:57
315,97,87544765-3,2010-01-24 16:04:34,2010-02-04 20:07:53
316,74,47121914-2,2015-09-21 21:57:09,2015-09-30 11:23:04
317,162,48998776-7,2019-12-13 20:54:53,2019-12-19 01:24:50
318,82,64268937-1,2010-09-18 20:13:54,2010-09-24 09:19:02
319,206,21219682-7,2017-01-12 08:07:59,2017-01-26 19:39:07
320,181,34761062-3,2019-03-25 22:32:22,2019-03-31 08:51:11
321,0,12842111-4,2018-09-16 10:03:13,2018-09-22 14:12:53
322,143,19027799-2,2016-06-11 13:22:28,2016-06-14 19:02:44
323,111,62820832-8,2016-01-31 14:49:28,2016-02-12 02:12:55
324,52,61993529-2,2011-02-25 08:10:50,2011-03-01 00:16:31
325,53,53747213-8,2016-07-27 03:43:00,2016-08-02 11:47:49
326,11,97996738-1,2015-06-27 13:18:02,2015-07-05 16:05:11
327,86,42113348-4,2011-09-07 21:23:26,2011-09-15 23:22:18
328,208,97404549-4,2018-11-30 22:50:31,2018-12-09 06:00:08
329,155,81207716-3,2010-02-23 22:06:50,2010-03-09 02:11:05
330,18,12920124-k,2019-04-09 18:53:58,2019-04-22 05:40:34
331,76,73418283-4,2018-10-20 12:38:36,2018-11-01 17:42:25
332,93,44372095-2,2011-12-08 03:42:36,2011-12-15 04:53:30
333,188,83584289-4,2012-01-15 02:56:01,2012-01-21 06:24:21
334,177,24129722-5,2010-04-12 05:14:46,2010-04-17 12:34:49
335,165,87442136-7,2017-05-09 04:35:17,2017-05-18 15:32:44
336,31,90471139-k,2020-06-20 06:16:40,2020-06-26 22:35:59
337,186,31679088-7,2018-05-15 16:27:18,2018-05-22 09:07:01
338,164,75397524-1,2013-06-12 10:16:45,2013-06-23 23:08:02
339,29,28231652-8,2013-03-29 16:23:20,2013-04-06 07:27:40
340,95,38235761-2,2011-11-14 07:08:12,2011-11-23 14:35:00
341,2,93840785-1,2011-07-26 06:38:35,2011-07-30 20:12:03
342,26,43922451-7,2014-10-11 19:47:33,2014-10-25 11:40:18
343,66,95932617-7,2013-08-26 20:16:59,2013-08-30 06:06:06
344,149,13690129-k,2011-11-25 08:04:44,2011-11-30 11:53:57
345,68,99294258-4,2011-12-04 04:03:51,2011-12-08 16:51:29
346,105,91059844-9,2017-09-17 03:49:20,2017-09-26 13:24:40
347,99,48161908-4,2017-10-22 06:03:31,2017-11-03 08:41:01
348,160,93550420-1,2016-10-24 23:55:14,2016-10-30 11:17:21
349,138,44604413-3,2020-07-05 17:55:34,2020-07-17 04:25:18
350,207,35785969-7,2010-08-13 19:22:31,2010-08-23 19:53:44
351,204,66183219-3,2016-05-22 10:14:45,2016-05-27 10:24:47
352,203,40978316-3,2017-03-22 12:05:57,2017-03-27 14:24:30
353,124,26123513-7,2017-08-21 21:15:38,2017-09-05 04:21:09
354,179,14811794-2,2019-11-09 10:35:22,2019-11-16 14:45:12
355,83,49995619-3,2013-11-04 08:52:15,2013-11-18 18:00:21
356,16,26240285-1,2015-08-20 02:45:50,2015-08-29 10:31:27
357,166,78463527-9,2019-04-10 20:01:37,2019-04-19 01:41:19
358,13,52176953-k,2011-05-14 08:41:02,2011-05-23 15:43:38
359,186,53234460-3,2015-04-16 00:15:33,2015-04-30 13:24:21
360,45,22274441-5,2017-10-20 01:16:35,2017-10-30 11:16:13
361,21,35340502-0,2010-10-14 10:10:33,2010-10-22 16:06:43
362,54,48925896-k,2010-08-08 22:59:48,2010-08-14 07:18:36
363,92,12033288-0,2015-06-29 00:09:31,2015-07-04 06:23:52
364,46,91888493-9,2011-08-28 07:26:29,2011-08-31 21:51:28
365,172,59959821-9,2011-06-25 09:42:00,2011-06-28 18:23:17
366,50,62550748-0,2010-07-20 19:56:31,2010-07-24 08:31:30
367,92,30224213-5,2020-03-15 15:18:14,2020-03-19 17:13:28
368,79,92244003-4,2017-08-30 05:01:41,2017-09-11 16:43:59
369,103,95667888-9,2010-09-26 08:35:20,2010-10-09 23:48:50
370,8,87631642-0,2010-12-05 13:56:56,2010-12-14 02:00:38
371,26,95741388-9,2017-08-28 16:02:09,2017-09-01 04:46:59
372,147,48433213-4,2014-06-02 10:06:53,2014-06-11 18:27:27
373,56,77941465-5,2010-03-06 13:03:18,2010-03-21 02:39:53
374,186,53234460-3,2019-09-15 19:38:33,2019-09-29 04:35:45
375,142,13592940-9,2020-03-30 11:40:44,2020-04-11 16:09:01
376,184,52158784-9,2010-06-19 08:27:08,2010-06-25 17:23:59
377,27,25002692-7,2015-05-15 15:08:08,2015-05-18 16:30:42
378,207,35785969-7,2014-08-01 09:32:58,2014-08-06 11:52:32
379,3,33078552-7,2010-05-28 18:20:46,2010-06-05 07:29:39
380,109,52576933-k,2016-09-30 01:01:52,2016-10-12 02:57:18
381,41,23686910-5,2012-05-22 04:16:25,2012-06-01 19:14:56
382,202,38405094-8,2015-10-01 03:49:45,2015-10-07 13:27:22
383,116,65346159-3,2010-07-25 05:17:24,2010-07-29 09:16:51
384,188,66844166-1,2014-12-05 12:18:39,2014-12-17 21:55:37
385,141,79344858-9,2017-02-14 20:26:14,2017-02-18 04:08:18
386,192,91085975-7,2020-01-02 03:18:44,2020-01-16 10:04:02
387,129,42538060-5,2012-01-05 12:05:00,2012-01-10 14:10:21
388,153,24115633-8,2013-04-22 05:54:13,2013-04-26 10:43:41
389,64,48007583-8,2010-09-27 07:42:11,2010-10-05 14:24:39
390,40,77210598-3,2012-05-05 09:45:09,2012-05-18 18:02:23
391,214,23625905-6,2019-03-31 05:57:03,2019-04-09 16:29:11
392,102,34643031-1,2014-01-20 03:46:55,2014-02-02 07:56:02
393,127,15955355-8,2018-11-22 02:18:39,2018-12-05 07:15:12
394,94,44290962-8,2016-03-02 21:58:56,2016-03-09 08:22:18
395,5,88094734-6,2016-04-05 08:51:32,2016-04-13 21:00:51
396,88,17286061-3,2018-08-31 21:45:31,2018-09-12 10:37:39
397,162,88034198-7,2015-04-13 08:49:44,2015-04-16 11:14:12
398,180,25327705-k,2017-01-04 11:12:38,2017-01-17 02:05:18
399,37,22479749-4,2017-06-22 16:13:35,2017-07-05 01:16:12
400,213,25806104-7,2015-06-22 11:30:07,2015-07-01 00:30:31
401,136,42354523-2,2020-01-15 17:24:57,2020-01-26 22:59:10
402,11,97996738-1,2018-07-11 07:23:10,2018-07-25 13:07:35
403,103,73026642-1,2013-03-19 15:08:24,2013-03-24 17:26:30
404,67,11636170-1,2010-06-30 07:15:56,2010-07-06 18:46:25
405,72,64370666-0,2018-09-08 07:07:14,2018-09-20 07:29:24
406,104,22150901-3,2019-03-01 23:38:16,2019-03-11 04:01:46
407,102,60916764-5,2016-03-19 23:56:55,2016-03-26 06:19:30
408,12,35685353-9,2013-05-22 18:13:39,2013-06-06 00:43:59
409,68,49166815-6,2018-06-24 10:25:33,2018-06-29 11:04:23
410,155,43161018-3,2012-03-03 06:52:38,2012-03-06 18:29:22
411,25,56914123-0,2018-05-26 09:09:52,2018-05-31 01:10:57
412,11,97996738-1,2017-06-20 02:06:40,2017-06-23 18:37:22
413,165,58945079-5,2013-11-04 14:44:35,2013-11-13 22:12:18
414,29,54122700-8,2018-11-22 19:54:10,2018-12-05 02:11:20
415,55,96900689-8,2019-01-24 11:30:16,2019-02-02 22:29:22
416,116,38072383-2,2012-03-08 04:05:06,2012-03-11 04:43:27
417,100,73540572-1,2018-05-14 11:37:29,2018-05-23 22:17:42
418,28,14114400-6,2013-08-25 16:09:46,2013-09-06 06:10:50
419,190,28273728-0,2011-03-31 14:40:26,2011-04-07 14:53:32
420,98,16670974-1,2019-09-01 15:59:46,2019-09-05 04:16:36
421,214,66714421-3,2017-08-18 18:27:38,2017-09-02 01:36:38
422,57,76081261-7,2011-03-25 11:46:32,2011-04-01 19:47:43
423,11,58557550-k,2012-07-07 06:37:18,2012-07-19 10:45:56
424,120,47067447-4,2014-05-30 22:38:50,2014-06-08 09:11:16
425,209,45467235-6,2011-02-18 10:38:53,2011-02-22 18:32:34
426,164,75397524-1,2010-10-08 13:13:34,2010-10-19 05:52:28
427,165,51844875-7,2013-05-03 19:31:07,2013-05-10 03:47:59
428,166,84593882-2,2010-02-23 13:23:30,2010-03-02 19:12:36
429,162,60370162-3,2019-03-16 10:59:59,2019-03-24 12:34:50
430,130,79308193-6,2013-02-27 14:06:33,2013-03-05 21:14:36
431,37,34349789-k,2019-07-02 20:22:26,2019-07-08 07:44:51
432,145,40644356-6,2018-01-19 01:10:43,2018-02-01 07:33:46
433,101,36615636-4,2018-12-02 18:10:44,2018-12-07 04:25:19
434,120,96562711-1,2013-05-15 06:47:13,2013-05-29 18:30:28
435,143,38563658-k,2017-10-09 05:45:56,2017-10-17 12:22:34
436,112,66295586-8,2015-11-02 01:50:44,2015-11-16 06:55:52
437,27,74361473-9,2020-03-13 06:40:59,2020-03-26 21:15:14
438,110,39899583-k,2013-03-28 15:46:20,2013-04-10 02:29:51
439,19,89118524-3,2019-03-06 23:03:43,2019-03-21 04:44:41
440,148,89671041-9,2011-01-01 06:44:13,2011-01-13 16:35:44
441,184,45717384-9,2010-06-01 20:44:14,2010-06-10 20:46:07
442,176,42678415-7,2017-10-05 15:21:46,2017-10-20 03:01:38
443,89,16008678-5,2016-11-06 21:16:40,2016-11-17 01:59:05
444,166,84593882-2,2012-07-27 16:12:21,2012-07-31 18:38:27
445,197,64221026-2,2019-08-16 13:21:07,2019-08-24 03:56:33
446,113,94888169-1,2014-07-15 04:41:35,2014-07-29 10:39:49
447,7,83538271-0,2018-09-26 03:40:10,2018-10-05 20:08:18
448,26,43922451-7,2010-02-11 05:07:10,2010-02-25 05:13:46
449,33,56292778-6,2010-09-15 22:40:35,2010-09-21 04:18:09
450,70,58765828-3,2013-11-15 04:59:28,2013-11-20 20:29:45
451,21,74759859-2,2011-03-07 06:01:45,2011-03-20 12:44:22
452,82,99466469-7,2012-02-06 10:45:47,2012-02-20 13:18:35
453,192,91935122-5,2014-04-07 23:51:01,2014-04-20 00:25:07
454,147,37376941-k,2018-04-25 23:02:44,2018-04-29 14:54:16
455,187,55012555-2,2017-01-17 15:19:14,2017-01-27 07:52:20
456,119,59105378-7,2014-12-30 22:53:45,2015-01-13 02:54:26
457,1,23407008-8,2013-11-22 19:16:11,2013-11-26 19:34:45
458,104,22150901-3,2017-10-20 17:10:40,2017-10-24 04:01:31
459,139,10619372-k,2018-07-24 16:22:16,2018-08-04 07:12:31
460,198,65538426-k,2016-03-22 10:33:49,2016-04-01 22:22:34
461,101,31706054-8,2014-01-12 17:51:02,2014-01-19 04:04:17
462,128,93892863-0,2013-03-16 05:07:13,2013-03-29 09:41:34
463,186,84569598-9,2012-11-30 15:22:51,2012-12-03 22:22:38
464,103,76396643-7,2013-11-22 19:56:10,2013-11-30 11:52:32
465,145,12187269-2,2018-05-10 07:26:44,2018-05-17 12:03:13
466,116,99347364-2,2019-10-15 02:48:16,2019-10-27 05:28:12
467,203,50109588-5,2016-04-25 00:57:56,2016-05-05 13:24:58
468,54,79348268-k,2017-12-02 21:53:43,2017-12-07 05:39:37
469,98,99837067-1,2012-04-25 16:55:05,2012-05-05 19:29:24
470,212,77489819-0,2017-01-09 15:34:41,2017-01-14 01:15:43
471,144,70388205-6,2014-06-24 12:20:44,2014-07-03 13:09:10
472,116,86367440-9,2019-03-08 20:42:00,2019-03-15 06:15:11
473,172,82993651-8,2017-10-09 08:30:21,2017-10-13 21:35:02
474,169,75328775-2,2014-01-15 00:07:33,2014-01-28 13:26:04
475,138,21201270-k,2011-01-23 22:45:51,2011-01-31 11:30:07
476,69,95367461-0,2017-12-01 01:18:22,2017-12-13 03:28:49
477,48,11554909-k,2011-11-10 07:24:18,2011-11-20 11:38:39
478,30,33016426-3,2019-03-23 17:39:32,2019-03-29 05:38:41
479,131,70582800-8,2013-01-11 06:50:31,2013-01-20 17:07:37
480,90,32628385-1,2018-02-04 01:39:36,2018-02-17 03:32:33
481,174,14292252-5,2011-12-14 00:35:11,2011-12-28 11:48:45
482,67,48292072-1,2013-03-21 06:11:56,2013-04-03 17:17:42
483,190,54746197-5,2016-03-09 11:17:10,2016-03-21 14:49:51
484,66,43953571-7,2015-03-12 04:40:40,2015-03-25 12:30:20
485,59,75910499-4,2019-07-30 10:13:01,2019-08-09 12:49:02
486,60,10254486-2,2018-08-07 03:42:20,2018-08-19 05:30:27
487,164,75397524-1,2018-02-01 03:40:33,2018-02-04 06:22:35
488,172,12348490-8,2020-07-08 07:29:03,2020-07-16 08:25:06
489,117,80092681-5,2017-11-08 18:53:28,2017-11-20 04:02:58
490,200,53329659-9,2018-05-17 15:56:48,2018-05-29 08:35:24
491,23,28630079-0,2013-05-07 09:42:46,2013-05-16 12:00:58
492,210,83386046-1,2015-08-30 20:33:33,2015-09-10 22:50:04
493,48,14377401-5,2016-10-01 12:18:14,2016-10-04 22:21:14
494,187,73543707-0,2013-01-22 00:00:29,2013-02-03 00:46:38
495,200,53329659-9,2015-12-18 17:47:51,2015-12-30 06:25:43
496,90,95656123-k,2015-05-06 08:49:13,2015-05-19 19:26:43
497,163,92554015-3,2011-09-12 00:41:48,2011-09-20 03:45:25
498,55,96900689-8,2014-01-09 21:34:34,2014-01-13 11:28:51
499,77,81600879-4,2011-05-28 03:31:18,2011-06-06 19:07:12
500,75,59495529-3,2020-04-24 23:49:47,2020-05-01 15:01:08
501,145,40644356-6,2016-04-27 10:56:13,2016-05-11 14:46:39
502,10,49326776-0,2014-10-31 09:13:35,2014-11-12 14:56:31
503,176,77484278-0,2010-06-26 11:24:50,2010-07-08 11:36:53
504,172,82993651-8,2013-12-28 01:44:01,2014-01-03 11:12:42
505,154,55106753-k,2012-05-01 13:59:49,2012-05-08 19:04:19
506,31,90471139-k,2016-12-18 07:09:13,2016-12-24 15:41:24
507,32,25450277-4,2015-09-27 09:11:55,2015-10-01 18:26:30
508,193,50453382-4,2019-06-13 07:14:11,2019-06-22 09:12:59
509,13,97675067-5,2016-05-20 15:35:44,2016-06-04 06:15:47
510,33,78166652-1,2012-10-05 00:28:09,2012-10-19 00:37:42
511,136,27712443-2,2013-09-09 06:34:28,2013-09-12 15:06:17
512,72,58000701-5,2013-12-22 16:53:31,2013-12-25 23:55:22
513,85,12460058-8,2015-06-08 19:43:34,2015-06-22 07:44:36
514,109,89336201-0,2017-09-03 07:23:40,2017-09-06 22:15:42
515,108,51853396-7,2010-02-28 13:06:13,2010-03-08 00:32:50
516,205,75269880-5,2018-05-25 12:19:46,2018-06-04 13:49:04
517,85,33874298-3,2018-03-14 16:07:57,2018-03-22 07:23:49
518,207,35785969-7,2015-03-25 21:36:06,2015-04-08 03:03:05
519,24,69141385-3,2015-10-15 20:09:04,2015-10-23 04:22:17
520,26,15333675-k,2013-10-29 06:43:32,2013-11-12 21:31:10
521,80,85301240-8,2014-11-14 18:40:37,2014-11-25 06:28:36
522,107,85682952-9,2013-10-11 13:10:49,2013-10-23 13:49:40
523,159,95185947-8,2016-10-04 05:01:11,2016-10-11 11:06:35
524,180,99223381-8,2020-02-08 22:56:05,2020-02-12 13:36:33
525,173,76356563-7,2018-07-01 09:09:20,2018-07-09 20:21:43
526,197,18076157-8,2017-09-27 06:29:47,2017-10-02 06:59:27
527,110,57342278-3,2014-10-31 08:05:14,2014-11-09 20:15:31
528,147,81602032-8,2013-07-19 07:02:02,2013-07-24 08:48:58
529,107,92311983-3,2016-12-25 07:48:08,2016-12-30 08:52:12
530,66,95932617-7,2010-02-14 16:54:07,2010-02-24 19:38:11
531,114,61892040-2,2016-11-10 23:06:01,2016-11-18 03:38:23
532,24,52581344-4,2020-05-08 04:21:09,2020-05-12 06:47:44
533,28,83118985-1,2020-01-06 16:47:39,2020-01-21 08:34:59
534,67,63814706-8,2017-08-05 14:04:02,2017-08-15 18:04:55
535,81,90739234-1,2020-01-12 03:13:45,2020-01-26 07:30:56
536,194,54593722-0,2012-10-01 15:44:29,2012-10-09 04:07:43
537,114,88697741-7,2013-03-17 14:10:33,2013-03-30 17:13:13
538,39,58303600-8,2016-09-20 13:13:47,2016-10-02 21:46:12
539,109,89336201-0,2014-12-23 15:46:27,2014-12-28 17:19:03
540,197,84095044-1,2019-06-04 18:54:45,2019-06-08 23:21:25
541,29,49993665-6,2018-08-03 14:07:44,2018-08-17 15:53:07
542,209,46491043-3,2013-02-26 05:28:50,2013-03-04 21:09:03
543,133,59814228-9,2016-03-26 13:52:36,2016-04-08 22:24:59
544,77,75357089-6,2014-03-15 01:31:11,2014-03-26 15:07:39
545,12,98544321-1,2020-08-02 02:00:27,2020-08-07 17:42:22
546,5,74580276-1,2015-06-30 20:00:11,2015-07-08 04:13:42
547,151,76563311-7,2014-10-26 21:39:39,2014-11-08 11:31:09
548,147,20034783-8,2014-05-31 15:30:16,2014-06-08 05:43:40
549,145,12187269-2,2018-04-22 09:08:49,2018-04-28 15:38:37
550,86,34414978-k,2011-05-19 01:24:48,2011-06-02 02:27:28
551,48,51630030-2,2013-01-09 05:13:39,2013-01-19 05:58:49
552,213,87859472-k,2013-03-27 00:31:22,2013-04-07 04:49:53
553,93,82833215-5,2020-01-29 22:15:48,2020-02-04 08:18:22
554,84,72429091-4,2011-05-19 04:05:01,2011-06-02 19:32:42
555,161,83029887-8,2019-11-10 06:26:28,2019-11-14 20:40:34
556,62,45400053-6,2015-11-16 03:58:08,2015-11-24 09:13:22
557,148,30364676-0,2016-09-27 16:20:17,2016-10-12 08:52:10
558,24,69141385-3,2010-07-21 14:36:25,2010-07-25 01:42:59
559,175,26617374-1,2018-03-25 00:29:32,2018-04-08 15:00:34
560,62,76849115-1,2010-11-27 16:40:48,2010-12-08 00:53:06
561,43,79543386-4,2015-01-04 23:17:00,2015-01-12 09:31:35
562,185,86555166-5,2011-03-24 10:06:38,2011-03-30 17:27:26
563,93,82833215-5,2020-03-26 06:18:35,2020-04-04 10:38:49
564,27,25002692-7,2012-12-17 09:26:01,2012-12-20 19:26:08
565,171,94559048-3,2018-02-11 01:13:33,2018-02-19 16:53:23
566,67,57133149-7,2016-09-05 08:28:09,2016-09-09 20:47:32
567,37,34349789-k,2019-03-25 08:30:25,2019-04-03 16:09:14
568,93,93044599-1,2019-03-24 11:35:19,2019-04-05 20:01:06
569,142,98121429-3,2016-06-27 09:37:08,2016-07-10 20:17:47
570,100,34996262-4,2020-03-31 15:08:47,2020-04-10 06:33:55
571,190,63953205-4,2015-01-07 09:44:29,2015-01-21 02:08:52
572,23,28630079-0,2017-11-13 16:53:14,2017-11-21 19:00:39
573,103,73026642-1,2017-07-21 14:29:50,2017-08-03 23:28:38
574,208,51242629-8,2019-08-30 23:45:45,2019-09-11 02:53:48
575,148,95777850-k,2017-04-29 00:40:20,2017-05-05 04:05:03
576,22,63974341-1,2020-08-10 16:43:20,2020-08-18 02:03:30
577,40,23494123-2,2018-03-07 03:04:33,2018-03-20 09:06:49
578,86,34414978-k,2018-05-01 07:58:40,2018-05-07 21:23:48
579,81,79480331-5,2016-05-11 15:26:43,2016-05-26 03:03:10
580,132,54363208-2,2018-10-31 01:21:54,2018-11-08 17:50:07
581,151,85973291-7,2019-03-12 21:19:12,2019-03-17 22:25:37
582,176,72810804-5,2016-01-14 11:44:56,2016-01-21 02:47:03
583,193,72570829-7,2013-04-30 06:43:16,2013-05-10 20:11:26
584,154,92445451-2,2017-01-14 13:27:28,2017-01-26 23:35:03
585,14,46787382-2,2014-09-10 14:29:48,2014-09-15 04:44:26
586,184,85743167-7,2013-02-22 05:41:25,2013-03-07 06:15:02
587,114,95403427-5,2011-05-02 12:23:42,2011-05-10 12:50:28
588,11,40538537-6,2017-11-26 19:11:31,2017-12-01 10:22:06
589,189,66361406-1,2011-08-05 07:27:58,2011-08-09 07:34:00
590,116,52968708-7,2013-09-05 21:43:52,2013-09-12 14:18:22
591,28,14114400-6,2015-08-06 07:45:15,2015-08-12 19:57:06
592,116,86367440-9,2011-06-01 16:42:14,2011-06-15 18:52:13
593,93,14982281-k,2011-04-09 02:06:42,2011-04-19 08:33:02
594,76,32700742-4,2018-06-09 14:00:43,2018-06-15 05:25:27
595,76,10537138-1,2010-04-18 03:22:05,2010-04-28 12:43:04
596,188,60747994-1,2012-08-15 11:03:40,2012-08-21 18:20:47
597,52,79263691-8,2014-12-17 03:57:36,2014-12-20 07:20:53
598,57,91231636-k,2017-03-14 21:47:05,2017-03-25 23:46:29
599,105,95514882-7,2013-10-04 02:37:44,2013-10-18 11:24:18
600,210,19735595-6,2011-07-11 02:27:53,2011-07-25 09:25:43
601,169,75328775-2,2018-12-24 03:20:26,2018-12-27 13:29:54
602,184,45717384-9,2016-09-02 04:47:05,2016-09-16 05:53:12
603,207,34039148-9,2018-02-22 17:39:02,2018-02-28 02:20:53
604,179,64269343-3,2020-02-23 23:41:55,2020-03-07 06:44:11
605,88,54480341-7,2017-06-29 15:56:36,2017-07-05 16:01:27
606,138,45125749-8,2019-06-28 22:46:41,2019-07-11 09:25:00
607,142,13592940-9,2012-03-10 20:15:40,2012-03-14 10:04:43
608,167,20209505-4,2020-09-05 12:13:39,2020-09-20 00:13:02
609,197,72070561-3,2016-08-05 18:50:47,2016-08-17 06:36:04
610,169,75328775-2,2016-01-26 23:36:11,2016-01-30 12:35:42
611,210,29877385-6,2017-03-22 09:12:10,2017-03-26 21:37:45
612,62,36600416-5,2011-01-31 20:22:55,2011-02-09 01:58:02
613,105,63382431-2,2017-02-14 03:42:24,2017-02-21 11:15:09
614,170,51193594-6,2011-02-07 18:55:40,2011-02-20 08:13:15
615,77,59444986-k,2013-05-18 08:16:35,2013-05-24 21:30:21
616,9,94384917-k,2014-08-24 17:29:23,2014-09-05 00:20:09
617,58,63421928-5,2015-12-18 18:24:53,2015-12-25 07:50:19
618,8,35480818-8,2017-08-25 03:16:03,2017-08-28 03:29:50
619,155,85384785-2,2011-08-26 16:40:54,2011-08-31 19:45:57
620,79,77477421-1,2016-04-28 10:18:55,2016-05-04 01:56:32
621,16,86164302-6,2010-09-27 21:48:09,2010-10-06 23:02:14
622,103,73026642-1,2012-01-12 04:16:30,2012-01-20 17:35:02
623,135,74748755-3,2016-09-04 15:05:37,2016-09-09 20:08:54
624,112,93285177-6,2019-11-23 04:38:33,2019-11-28 14:52:03
625,56,43926456-k,2013-08-01 17:14:23,2013-08-04 17:23:19
626,42,96251410-3,2019-05-26 22:50:20,2019-06-06 04:08:07
627,163,20820475-0,2018-04-05 10:59:19,2018-04-14 17:13:29
628,1,98683815-5,2020-04-04 09:03:33,2020-04-18 13:28:43
629,175,33890329-4,2020-05-19 15:31:44,2020-05-27 22:54:33
630,124,26123513-7,2014-06-26 14:42:34,2014-07-04 04:00:42
631,87,64063874-5,2019-11-13 21:46:44,2019-11-26 22:15:47
632,34,14200344-9,2019-01-31 13:45:10,2019-02-09 14:55:13
633,33,91888069-0,2016-10-05 10:28:54,2016-10-19 20:20:20
634,207,79758989-6,2016-07-25 00:24:39,2016-08-02 16:26:12
635,53,66045545-0,2015-10-10 23:17:32,2015-10-17 05:11:31
636,103,11784418-8,2018-07-20 05:45:54,2018-08-01 08:12:32
637,64,48176712-1,2019-11-14 08:14:45,2019-11-23 00:10:20
638,62,31457093-6,2018-12-24 04:58:05,2019-01-02 09:59:59
639,200,38830395-6,2020-06-05 19:01:31,2020-06-13 11:31:54
640,57,12673702-5,2017-06-15 02:32:57,2017-06-27 04:33:35
641,162,88034198-7,2015-05-17 14:46:06,2015-05-23 22:58:46
642,109,12205074-2,2018-08-01 07:14:42,2018-08-06 18:41:03
643,147,16836029-0,2014-09-19 16:41:40,2014-10-01 21:02:59
644,37,41694611-6,2014-12-01 08:53:16,2014-12-11 17:35:24
645,198,86447590-6,2012-07-06 01:35:09,2012-07-17 01:43:27
646,132,54004386-8,2015-11-06 04:51:38,2015-11-10 13:14:52
647,27,69402733-4,2018-10-08 09:47:46,2018-10-16 16:03:44
648,124,83917354-7,2018-03-17 12:43:52,2018-03-29 13:23:05
649,8,38629675-8,2018-07-09 05:12:53,2018-07-22 18:38:44
650,141,22240154-2,2019-12-07 16:40:59,2019-12-19 02:38:24
651,16,86164302-6,2015-11-23 21:00:09,2015-11-29 07:15:58
652,193,66899113-0,2010-05-13 06:54:39,2010-05-21 13:11:37
653,22,63974341-1,2011-02-23 03:02:22,2011-02-26 14:21:07
654,196,45355149-0,2011-09-20 00:24:05,2011-09-26 04:58:51
655,35,31111145-0,2018-06-28 05:22:57,2018-07-07 06:24:56
656,172,59959821-9,2014-06-26 10:06:02,2014-07-07 21:08:16
657,149,79695896-0,2011-12-06 12:32:45,2011-12-15 04:54:39
658,129,69251591-9,2019-08-16 16:50:11,2019-08-22 02:30:31
659,207,35785969-7,2014-08-08 20:23:36,2014-08-22 05:22:36
660,189,63884576-8,2017-12-26 00:36:00,2018-01-01 07:57:02
661,97,87544765-3,2018-07-18 14:15:56,2018-07-25 19:43:07
662,160,23298314-0,2010-01-29 22:52:04,2010-02-05 05:26:47
663,8,34352032-8,2016-09-02 06:25:32,2016-09-11 15:45:00
664,107,38317707-3,2014-11-27 02:52:55,2014-12-09 14:50:29
665,145,12187269-2,2015-10-04 11:25:25,2015-10-11 12:59:02
666,210,33802463-0,2010-11-28 01:50:58,2010-12-10 10:32:38
667,84,15623590-3,2018-11-30 21:24:54,2018-12-06 05:07:03
668,80,43630930-9,2012-07-18 04:30:04,2012-07-23 12:54:37
669,71,81698647-8,2011-02-09 01:43:59,2011-02-14 10:24:43
670,77,57639262-1,2017-11-09 13:21:08,2017-11-24 04:06:03
671,142,65855526-k,2013-07-25 15:35:39,2013-08-05 23:13:09
672,181,71962392-1,2012-08-20 17:03:40,2012-08-28 02:25:14
673,3,27626683-7,2013-11-26 02:03:40,2013-12-09 09:25:44
674,159,21332506-k,2012-04-14 21:06:00,2012-04-21 23:58:12
675,163,71389826-0,2016-01-06 11:20:23,2016-01-10 16:50:59
676,144,41183684-3,2019-03-21 07:18:59,2019-04-04 11:36:30
677,130,53967694-6,2013-12-24 04:43:50,2013-12-27 10:47:57
678,45,22274441-5,2015-08-06 19:49:14,2015-08-14 05:06:40
679,181,11123767-0,2015-12-27 05:43:37,2016-01-10 09:44:22
680,16,53089483-5,2014-05-28 16:12:42,2014-06-11 20:41:27
681,52,71881591-6,2016-08-23 16:36:13,2016-08-31 02:19:35
682,101,31706054-8,2011-05-23 20:15:34,2011-05-30 01:42:21
683,76,10537138-1,2011-01-30 21:28:28,2011-02-07 08:20:17
684,144,52189199-8,2015-03-19 04:32:35,2015-04-01 20:29:42
685,0,75295314-7,2013-02-12 03:19:00,2013-02-20 07:35:11
686,144,11439340-1,2020-08-20 09:17:13,2020-08-26 11:25:38
687,150,71612139-9,2020-03-10 09:14:52,2020-03-24 23:06:22
688,11,59260036-6,2011-09-05 16:18:37,2011-09-12 01:09:53
689,11,40538537-6,2020-05-04 17:20:31,2020-05-12 05:17:49
690,101,89146700-1,2016-01-05 22:13:23,2016-01-16 03:52:43
691,131,91461351-5,2012-04-02 13:53:01,2012-04-16 22:59:49
692,101,35414863-3,2015-04-07 09:18:40,2015-04-11 20:49:09
693,108,48459253-5,2011-02-13 21:06:15,2011-02-17 01:05:39
694,87,74357811-2,2017-01-05 16:49:05,2017-01-16 02:10:00
695,38,37797879-k,2015-09-05 23:39:37,2015-09-13 04:49:35
696,181,11123767-0,2014-08-03 01:30:40,2014-08-07 08:24:06
697,176,77484278-0,2018-11-19 16:24:38,2018-11-28 22:48:31
698,61,62014673-0,2015-08-30 03:43:43,2015-09-05 15:01:26
699,3,16264932-9,2015-12-04 16:58:32,2015-12-13 00:47:07
700,73,29903675-8,2017-02-24 22:26:36,2017-03-05 09:11:23
701,14,30741496-1,2016-09-27 16:28:44,2016-10-03 22:55:00
702,182,11544489-1,2019-03-30 01:52:50,2019-04-11 05:37:18
703,126,34012878-8,2017-07-30 11:30:06,2017-08-11 02:40:47
704,82,21630671-6,2020-05-24 05:47:46,2020-06-01 16:57:08
705,6,95541819-0,2010-06-09 06:00:13,2010-06-15 07:18:36
706,207,79758989-6,2018-05-20 10:44:19,2018-05-31 11:56:26
707,40,22001298-0,2010-08-03 11:34:37,2010-08-13 21:56:24
708,26,43922451-7,2019-03-04 08:53:38,2019-03-17 11:51:39
709,29,28231652-8,2013-10-11 04:15:05,2013-10-21 12:41:54
710,80,85301240-8,2017-01-11 04:42:02,2017-01-17 19:36:12
711,184,52158784-9,2015-01-22 02:02:30,2015-01-28 09:19:21
712,52,45026478-4,2018-02-21 04:18:56,2018-02-24 15:33:41
713,154,49641463-2,2019-02-25 05:21:24,2019-03-02 14:53:14
714,146,50511840-5,2010-08-05 23:46:53,2010-08-20 05:28:36
715,15,93009498-6,2017-09-11 12:10:16,2017-09-17 18:05:00
716,31,90471139-k,2020-04-18 20:34:41,2020-05-01 05:11:28
717,45,75981648-k,2020-01-22 13:04:51,2020-01-29 19:25:55
718,80,92170041-5,2013-08-12 09:55:57,2013-08-21 16:39:42
719,157,49359132-0,2015-11-03 02:32:33,2015-11-12 05:33:54
720,126,44812887-3,2019-04-18 15:49:17,2019-05-02 19:17:28
721,180,35776394-0,2015-07-29 16:35:16,2015-08-05 16:53:25
722,71,15119459-1,2014-05-08 05:39:58,2014-05-17 16:20:24
723,139,91119340-k,2016-02-11 01:01:24,2016-02-18 12:07:08
724,183,26849996-2,2013-02-06 17:46:01,2013-02-11 20:37:38
725,17,46288331-5,2012-09-05 23:24:13,2012-09-18 06:51:44
726,195,34902561-2,2014-11-14 22:02:40,2014-11-26 02:37:22
727,92,13965853-1,2013-10-12 16:42:57,2013-10-22 09:03:21
728,66,43953571-7,2011-07-13 22:37:33,2011-07-25 14:13:48
729,111,41325900-2,2013-06-29 16:40:38,2013-07-05 21:55:20
730,70,25399600-5,2013-02-04 09:31:24,2013-02-16 12:50:29
731,74,42300579-3,2010-12-17 22:42:27,2010-12-23 02:01:37
732,136,91957637-5,2014-03-31 18:07:03,2014-04-03 21:32:26
733,53,53747213-8,2015-11-24 03:05:13,2015-12-02 19:17:39
734,36,29742884-5,2014-08-26 16:27:22,2014-09-02 00:26:04
735,107,38317707-3,2017-04-28 21:24:54,2017-05-09 08:21:43
736,22,63974341-1,2011-12-29 06:38:21,2012-01-05 15:44:08
737,201,41071374-8,2016-08-03 09:53:45,2016-08-06 10:19:10
738,60,54121962-5,2013-09-28 17:35:28,2013-10-08 19:05:09
739,12,34572846-5,2016-12-12 11:14:57,2016-12-18 22:14:32
740,39,58303600-8,2015-11-12 09:54:02,2015-11-21 18:51:22
741,150,82903113-2,2018-03-28 10:55:31,2018-04-09 00:00:49
742,190,95711978-6,2013-03-29 16:00:44,2013-04-05 04:47:36
743,26,95741388-9,2014-01-24 06:36:08,2014-01-29 19:22:41
744,134,57325256-k,2014-03-14 08:49:56,2014-03-17 15:58:17
745,193,20026905-5,2016-09-03 09:39:59,2016-09-16 11:17:31
746,74,72309503-4,2010-05-20 12:24:07,2010-06-04 01:52:53
747,147,48433213-4,2014-05-26 15:25:43,2014-06-02 00:15:25
748,210,33802463-0,2016-10-23 03:13:00,2016-11-06 17:48:26
749,177,44973013-5,2017-03-30 05:28:39,2017-04-13 11:36:33
750,57,76081261-7,2013-05-01 06:39:42,2013-05-12 18:49:58
751,45,68505645-3,2018-01-20 23:12:15,2018-01-26 12:55:42
752,149,85394005-4,2013-11-30 19:45:16,2013-12-13 01:29:21
753,150,43654491-k,2011-12-15 03:12:51,2011-12-24 09:13:55
754,208,86434438-0,2013-02-05 17:39:25,2013-02-10 01:46:10
755,106,53211068-8,2019-10-10 16:51:31,2019-10-14 07:18:40
756,153,23047484-2,2016-11-19 02:14:00,2016-11-29 08:27:37
757,67,53721649-2,2013-12-27 22:58:02,2014-01-09 14:47:39
758,206,21219682-7,2018-02-19 05:42:24,2018-03-03 13:00:16
759,178,91790173-2,2012-09-10 15:01:21,2012-09-23 05:08:10
760,212,61774912-2,2011-06-19 09:33:21,2011-07-01 01:44:28
761,176,77484278-0,2010-01-29 05:59:51,2010-02-06 15:54:08
762,111,45644100-9,2010-04-06 07:49:17,2010-04-15 22:21:02
763,178,91790173-2,2013-05-02 04:30:56,2013-05-11 08:23:51
764,131,70582800-8,2011-12-02 18:57:07,2011-12-10 09:36:16
765,156,83123905-0,2019-08-13 14:58:41,2019-08-19 21:34:21
766,65,30928102-0,2017-09-30 11:55:14,2017-10-08 04:23:09
767,69,10119008-0,2012-03-15 10:26:10,2012-03-26 12:55:57
768,207,79758989-6,2014-10-21 00:34:57,2014-11-04 07:47:17
769,152,69691126-6,2010-05-18 05:59:08,2010-05-23 21:54:54
770,52,79263691-8,2013-01-07 09:45:13,2013-01-21 02:05:29
771,154,59060940-4,2017-03-04 01:20:25,2017-03-12 03:01:57
772,123,56229978-5,2011-07-07 22:03:41,2011-07-10 22:20:20
773,159,95185947-8,2011-08-30 18:12:08,2011-09-09 01:13:52
774,196,81560843-7,2018-04-14 06:31:50,2018-04-28 15:29:33
775,108,63824003-3,2010-02-17 17:07:24,2010-02-22 06:20:11
776,72,64370666-0,2013-11-11 23:18:14,2013-11-18 01:03:08
777,112,25198755-6,2018-04-04 15:01:45,2018-04-15 21:04:47
778,24,32992512-9,2017-03-18 11:41:17,2017-03-22 20:24:06
779,110,36918308-7,2019-09-08 12:19:56,2019-09-11 22:02:54
780,117,10094201-1,2015-05-27 12:28:21,2015-06-07 03:04:35
781,115,43831962-k,2016-06-27 11:28:07,2016-07-03 22:01:58
782,25,96951878-3,2020-01-20 04:42:32,2020-01-26 12:09:31
783,55,96900689-8,2012-07-07 02:13:35,2012-07-16 16:02:10
784,213,13370165-6,2011-08-12 16:33:49,2011-08-16 04:17:18
785,107,12957899-8,2013-11-25 14:57:49,2013-12-05 04:11:58
786,47,90594532-7,2019-03-14 17:41:03,2019-03-28 04:08:00
787,1,41704207-5,2017-03-22 03:24:07,2017-04-05 12:18:46
788,80,97343582-5,2011-01-25 06:21:52,2011-02-05 14:30:31
789,48,11554909-k,2017-06-28 09:27:57,2017-07-06 20:27:14
790,100,92394961-5,2020-07-10 12:44:33,2020-07-21 02:08:32
791,103,11784418-8,2010-12-09 02:06:38,2010-12-20 08:03:26
792,142,15591154-9,2011-03-30 09:04:22,2011-04-09 13:41:19
793,106,77520112-6,2011-07-20 07:56:09,2011-07-23 13:08:20
794,93,82833215-5,2013-11-11 21:37:20,2013-11-16 04:10:02
795,199,97004364-0,2014-08-21 02:33:19,2014-08-27 12:52:45
796,158,81498697-7,2016-06-11 14:42:38,2016-06-16 18:49:58
797,79,77477421-1,2018-10-19 05:32:48,2018-10-22 09:23:10
798,172,12348490-8,2010-01-19 20:43:52,2010-02-03 10:33:52
799,48,37285914-8,2011-01-24 23:18:26,2011-02-02 05:16:51
800,18,45981588-0,2018-06-19 05:14:58,2018-06-25 20:50:21
801,203,50109588-5,2014-02-01 23:35:49,2014-02-14 03:31:28
802,210,31256887-k,2012-07-21 16:07:38,2012-07-27 00:31:51
803,214,63459997-5,2010-05-15 02:41:35,2010-05-25 11:16:36
804,20,96828461-4,2015-06-06 23:04:11,2015-06-18 06:39:21
805,135,48269008-4,2010-09-15 05:17:07,2010-09-24 15:33:46
806,206,21219682-7,2013-01-28 01:53:10,2013-02-03 11:32:55
807,57,36432728-5,2015-05-14 21:50:06,2015-05-26 02:03:44
808,172,59959821-9,2016-11-06 04:54:38,2016-11-20 16:21:11
809,211,11453035-2,2016-06-22 21:58:50,2016-07-02 06:14:30
810,212,77489819-0,2018-10-18 16:11:41,2018-10-25 00:06:15
811,103,95667888-9,2015-08-01 11:28:55,2015-08-13 19:08:29
812,136,15460166-k,2013-04-14 03:46:45,2013-04-19 08:00:56
813,192,50728559-7,2013-05-07 19:46:05,2013-05-13 02:06:54
814,151,96863860-2,2011-02-02 01:42:53,2011-02-15 15:08:32
815,199,59890575-4,2014-10-19 18:40:32,2014-11-01 08:58:27
816,13,79459402-3,2015-02-22 22:59:18,2015-03-03 15:04:07
817,144,70388205-6,2012-06-21 20:42:17,2012-07-04 08:28:01
818,130,16636734-4,2012-01-30 15:11:55,2012-02-10 22:00:44
819,19,50942616-3,2012-06-15 05:05:52,2012-06-18 17:45:13
820,49,14408869-7,2017-05-21 16:47:30,2017-06-03 23:40:58
821,93,44372095-2,2012-07-31 02:21:48,2012-08-07 06:21:28
822,166,17459269-1,2019-03-28 06:57:47,2019-04-10 22:04:44
823,35,23748548-3,2010-01-02 16:58:28,2010-01-17 03:55:58
824,126,85034590-2,2014-04-05 12:19:44,2014-04-16 01:00:49
825,120,96562711-1,2015-12-26 03:54:48,2016-01-03 10:02:59
826,202,91346186-k,2015-06-08 22:39:48,2015-06-23 01:10:49
827,98,35661237-k,2020-04-21 17:54:58,2020-04-29 23:44:00
828,214,73815426-6,2017-11-25 09:34:28,2017-11-29 12:11:52
829,47,27183294-k,2012-05-16 21:59:46,2012-05-31 03:13:25
830,120,13572944-2,2018-10-29 12:30:58,2018-11-03 15:17:18
831,51,44626695-0,2017-07-22 14:35:09,2017-08-01 02:57:41
832,54,79348268-k,2014-05-15 13:09:57,2014-05-24 03:19:42
833,32,99233768-0,2011-02-08 16:17:18,2011-02-13 19:32:41
834,192,91085975-7,2017-12-26 11:08:41,2018-01-04 16:25:46
835,28,94362008-3,2017-04-22 04:34:38,2017-05-05 14:46:52
836,83,47922722-5,2018-07-03 21:43:26,2018-07-16 09:35:06
837,190,28273728-0,2020-02-23 06:12:39,2020-03-06 19:31:22
838,128,53383454-k,2013-01-14 05:47:27,2013-01-20 16:59:01
839,100,34996262-4,2018-05-31 06:13:51,2018-06-04 18:42:23
840,157,36081017-8,2012-06-25 10:05:03,2012-07-02 22:38:23
841,202,38628283-8,2020-07-15 08:25:53,2020-07-24 14:54:06
842,38,88772168-8,2014-06-18 11:05:16,2014-06-21 13:00:55
843,5,53609901-8,2020-09-01 00:24:55,2020-09-09 14:26:14
844,105,63382431-2,2011-01-20 14:29:52,2011-01-26 15:13:17
845,111,62820832-8,2019-04-20 05:34:53,2019-05-03 20:43:31
846,155,51693674-6,2014-08-20 18:41:06,2014-09-03 06:03:23
847,10,28060713-4,2010-12-13 14:04:26,2010-12-18 05:12:06
848,115,23514054-3,2017-04-23 22:21:43,2017-05-02 04:49:33
849,32,25750021-7,2011-08-19 03:13:29,2011-08-22 15:46:04
850,97,77020926-9,2014-10-18 07:08:55,2014-10-24 10:27:21
851,147,16836029-0,2010-03-21 00:38:33,2010-04-04 04:35:11
852,40,22001298-0,2012-05-07 14:22:31,2012-05-17 01:33:49
853,73,33090056-3,2017-02-05 08:57:19,2017-02-12 17:09:45
854,17,69760987-3,2017-06-01 11:47:47,2017-06-10 20:19:01
855,208,66119831-1,2013-11-02 19:20:46,2013-11-13 07:21:26
856,0,47981838-k,2011-12-27 00:26:02,2012-01-09 16:57:02
857,21,56093204-9,2010-07-28 02:07:21,2010-08-03 05:40:41
858,80,92170041-5,2016-05-05 20:33:35,2016-05-14 09:11:21
859,113,94888169-1,2010-10-31 11:13:35,2010-11-04 13:49:15
860,89,58366562-5,2020-01-14 22:17:48,2020-01-23 03:18:33
861,33,13068977-9,2019-12-09 12:58:40,2019-12-20 22:22:29
862,114,48766480-4,2017-12-03 02:17:42,2017-12-15 06:14:15
863,15,20640357-8,2012-08-16 20:35:06,2012-08-28 03:55:28
864,40,77210598-3,2019-11-22 00:56:09,2019-11-27 10:56:54
865,210,83386046-1,2010-06-08 03:32:37,2010-06-20 07:36:48
866,143,61863167-2,2018-10-23 15:32:38,2018-11-06 08:09:58
867,176,72810804-5,2011-04-03 11:30:19,2011-04-13 20:55:50
868,24,32992512-9,2014-04-26 04:17:37,2014-04-30 15:43:32
869,132,54363208-2,2011-04-07 03:07:09,2011-04-18 10:18:27
870,202,91346186-k,2019-12-27 05:19:38,2020-01-09 08:35:14
871,1,39038168-9,2010-02-24 02:12:15,2010-03-01 02:49:22
872,121,70368495-5,2015-02-28 14:19:58,2015-03-11 06:37:32
873,182,33236616-5,2015-07-04 21:34:00,2015-07-16 08:37:35
874,88,73324033-4,2013-07-31 10:44:42,2013-08-09 10:51:49
