rut/pasaporte,password
E99654323,34LoUHtZ
O26876875,v4Vt5qK2
I59647599,FRs0GcDj
F44457948,kpJtKvFZ
F54286063,IbJmFlpQ
Z44372972,LqR0vKTf
J50508589,rRy3lBKB
Y82472204,evPxMawu
Z12327276,mlXp3xH5
P21702655,8vfRmTU5
B95281165,GOI0xLUs
J64594612,1y88vx47
M29889337,3QR24LVY
V37562483,Ec4epuv5
W71697646,iQ2NE1YU
G52881568,3MsNSqD4
L18340568,SJA13u4s
L72554373,eh8dJ7xB
J29686165,ofTMQU9q
B41943528,WkQFMkbo
U71661520,MCxrCuR5
V42528064,UBHHptKf
T19743718,cpHrocXL
G10013637,RUokGJKK
I45816186,17oWQHoP
G28581662,8j3f7nTa
F36197968,AQzAb6Y7
F46237407,mQj94DlH
P63907762,esKWCPPK
G20824518,UOXTkQB4
P61007335,OwYE2goo
A99075356,sYHAii9N
L53367487,pWzBpGeX
G62088265,pZ9gAAjQ
Z73076598,qDsiGIRh
D41778711,qJrLY0ks
F24904237,UIVrO5D4
Q96850129,30ol1zG3
M38215478,QjZqUzuU
C86355149,qA2UWsBZ
J15119141,njpeFfYI
U44621636,V0gQox1R
F26110704,EbGQXHpV
W47775182,eu0Dguxj
N95498824,vNb5A9yE
Z62349473,8wX5axLO
U43273299,19KO220e
C92774826,NccUmK8O
R73647682,0GXndiPq
I70460685,0QnBVooG
U28796448,fLQGXcHy
H12328752,qhbULyVP
P90466792,blFrAnk6
O93555640,wy4JqauT
F50197319,nZreD5jU
U58822965,dGsf0bG4
D18853282,fvsltL20
O78837046,wC5IMYwv
P99525371,q0McXa1I
X64476508,AKeILEAg
U15692667,aJ4PJ5K8
L23344989,uorSgFIs
D46521640,H0ukJiWa
X53390512,u3nG3Rqt
N90362432,TdLVxn3R
B80802581,vg3WLoxs
Q98196295,wYxw4xrv
P91468410,FFZ3e4Pg
R40960037,9zMIgpRp
X88118097,q5D30ADj
V63848808,P4AtRTnh
V56635732,eUAqp7Km
D51550937,YSlVOyeo
A58880299,V2GzqcR3
L91040317,9AxTaH3s
C26918071,DY9XNWRT
X36668136,RQL3KNzn
D81305901,2cKdw96h
I69082391,qIeHpMuQ
M96988182,uhe2ZgxS
L58021595,s9vPNXSL
V33539473,Pvun2K9A
Q86390973,5mVLlolh
V52367061,9orFa7FG
M54013650,bKKeFyS8
C28372030,9nf8DL83
R83861025,jtcEYxOW
S88342155,q4R3315J
M58022489,iaKqBJ4y
D94008374,Pz8JcZ9H
Z90514972,VBi9XBJz
F20918635,qK1qHw3q
O24070749,Y5FvLKOr
F63424480,db1Xk3yg
E94910524,OGztCyl1
M20646516,b4cfGm0W
H13591949,iCu2786n
C35766555,ga6InrS0
T12018876,rWTca3eF
Q18294063,F2RLCKT1
Z93784881,iZEbfvGY
L73186764,Hb9h1vyA
O35132654,E7dR3rzY
S79293181,Jy5wekEs
F32873083,nGXnOUoo
B47807991,DZBA8Rqb
G70168526,0jWXmyDk
B28202618,XswFqxKC
Q68510886,xEPXKxDM
Y98611000,FTiYfyJ9
J21247265,1bM6fiuF
G63132325,GgxGj0eQ
N40736646,ENx3hGAk
W97686532,ZCPlv8VQ
A93142339,VsJw16ay
O49832802,1uUFGem9
E64584693,SoSEym5Q
S51168316,nEwsrUTD
I79816052,GxvpdylW
R13259256,S4VhdqDv
I21191197,3iebQBae
M26162664,LGJ7vTFs
F92230103,r2fWW38E
A17458556,a3RIYNe5
T38670415,04DSIyyR
P95013838,OgpFR8hu
J21925151,cTDobdRl
M49254736,6Mt0rfMp
O58652792,87WNFHIY
X55853585,AP7RqBs9
A39408361,B69WcfDK
Y34927784,bXHWJFod
S50684947,BewAijtg
H54615218,lKTUBwMD
S31733660,NHInDTiN
K26342479,kODC6y2E
H57458041,n339XW9v
R85941940,E8b1wVhz
H65039062,9jtW6mqi
Z49744602,GzcewoBq
Y13887486,AmrJjK9m
E89642588,QeFSPbqi
D60569791,qAVXq33j
S87800491,lwkSKFsz
J73277195,abyoNAhj
Y66004137,yB6Mj4ON
B51353951,T4fwvhCJ
J74976103,YTSOgNsa
R10696961,t3S1FLrU
W74949936,WprxEL8W
T55172433,JmlfjcQ0
T73448503,8aj4Pcq3
X30343038,7xlysEIU
R35674246,XU11VbgR
W74976970,r3Gliz90
M74177787,SsaA148t
P34307583,rrEoqVeT
Q78641272,JyjEIP5v
V75902595,y21327Y9
D62958993,LqiZEdmV
P69442505,JgrnvKAE
F82060209,C4jkfbPC
Q56281794,uPa5HRcd
L16239489,bw4Z1ZAP
P10687329,at8hhfvc
B96929536,PUj41tdb
Z35082300,5J0np4Ts
S36768422,iuap6txg
K96186985,pSfoird9
H77386222,lqw2mIny
U48804800,9RrK2T5n
T19082779,QlyiHll7
Z39477666,vnMINjSb
A79049716,UE0WtGKT
V93229650,JgNT72kl
S56194608,9OEfLdfP
W32270599,bYydzB8e
U14154176,iG2aDnM8
D90886133,588R0iyG
Y88192910,YXfGuROw
K41763126,5yf9gG5u
T72933979,9Oo9a8Kr
H16441869,d9gI9yQs
X82331557,YEBcCr30
S25550844,ma4KIcLq
R13795454,mq3extyK
K26449991,eu7G8Brs
E47448781,DB4KrRdN
U66924527,HDrJ2OZ7
Z65517941,JGlhwkSW
E80101428,3AtqjlZz
S11031665,5oMzik7x
E37210159,bH8Bs6rd
D33460699,LXmvXNBY
Y45945019,VLOZp3sP
V64493595,solW3SVX
V41581736,BnKgB7iN
D55276623,2IpqUhWt
Y50357706,eII5tuAj
S42985830,lm5aNbOs
Z64414223,SO7BdA9z
P61086155,hVWZTvTF
E10833391,1mdxDOQk
K94722421,AXyYbbRr
T67930846,e6DHIJuF
M93397516,EFPypd1x
D15088868,432AzSfY
N54392116,dqzVHIqz
E11799224,f8QfP5M2
Z80228036,UFuRX7iE
D80875979,jUAnnI57
Y64764806,JVu8cmko
Y22908576,ZLIc8fm6
K32583749,Qa6yrWGx
J29953266,BrlThHlv
H95880960,dYKR1y2m
Q91915032,hXNiMZcg
S75558443,J6V35hIb
Q35652318,IXwgPKIr
Z89168974,281udhAT
I34794437,Md9H1ykU
E49574564,itpY53bz
O20562020,f9ZavfD1
L62234267,AnV9F5xS
A83437055,nxKkOPNo
N49133392,AHjtQZZ6
K12654398,6aci754B
R92063116,zswaEewi
H14216032,JSPXHZdf
E68580309,1WdxP3ym
H25917362,6qOVkd2F
O84026147,vC0aMUqY
I12399792,5Ax2li6Y
P62521786,jVIyrChe
Y93670902,1uX6UnvL
X82519989,NxWtK4qX
K38336985,wjN383P6
X71965468,tG6Sf5Lj
A71445978,AzWMUYlb
I60955054,fdJb0yuB
G94153544,z1VKPKOg
F42449248,V5LNs3St
K68311115,L0TNszjI
F19346482,chzTNbfR
D26044036,aIfleQis
H63425329,4XW7Sxna
E17897945,rgLbBgrj
A38888126,NxyEzwkf
R81584068,3mpHWzSU
M66934590,Lvlf5Fno
41966463-4,E3DP9vLf
52189199-8,bZ3xEAEX
15333675-k,Qao1MWQe
61993529-2,H3lhssCx
23711490-6,5rU3us6l
37630974-6,mcHpVyM1
32359787-1,YZZa8thV
99837067-1,qv3uizwG
12957899-8,29BeF6P1
60747994-1,QbNcd21x
90471139-k,lUAztiKL
44604413-3,5Nfza6IR
89265324-0,UnVeN3N4
88732812-9,7PHP6Wv4
40644356-6,trbatOQH
70368495-5,5m7rdsxv
58963604-k,GwajljLr
81203114-7,kfdpfYZi
22150901-3,NBcuvNL6
40597717-6,KZGWiBai
19410523-1,sCzrjvoC
44372095-2,znLKyWfq
80228379-2,0UcSONwy
96828461-4,EFxRN0df
43329730-k,Nuxk7mDT
75910499-4,5mnUXP0M
54122700-8,ICIn0Nm8
83330704-5,6hXPGOwO
20789297-1,0C8nvH9B
50319391-4,5zs1ujUg
53383454-k,h3m4YeOq
48996426-0,SQoZulkQ
83029887-8,JtgyowPa
37376941-k,wDsyqZAB
64501886-9,YEhQn3vk
54593722-0,Dcf7lY9j
31194216-6,5h7BznyH
67314332-6,RvRDxCqr
49628420-8,wqRtD5Cj
26135720-8,FKXpLN2c
14408869-7,x9NGHZWA
26249833-6,Ghf5uHw5
35115737-2,pL8GKlbo
38578737-5,WGcmNWgp
34823992-9,AFe0wrAU
93176945-6,vaLisRpR
34975310-3,kL0b9oTO
80558312-6,woWSE21J
88408240-4,aPLE5OKp
71389826-0,FtQkkZWf
53281073-6,smDnenaz
96735305-1,BkgEjmkB
30991735-9,CxHTStgV
80640357-1,8pNkweR3
13370165-6,ZBO6WIiL
12205074-2,N9CrP1T3
34996262-4,I0nIwRRh
94362008-3,sf4YnmF3
70366259-5,EipzEwzF
36600416-5,SW1l2WMM
75129314-3,u6twuWwM
59105378-7,VxtA9c5Y
54121962-5,ZGMGboH6
35806868-5,5DrQWnmc
67902197-4,ssjPuBvU
87371798-k,fMpKpnYO
14200344-9,w1SxnSnj
23494123-2,Kxvp0KMc
45856781-6,fob7vFR5
26849996-2,Efh9p2zE
41659296-9,GX4ElJdE
44973013-5,O0kCYgLF
84593882-2,beYKba7b
58038177-4,g7QblPoW
68147125-1,iFF5Q4dR
54363208-2,d5o7t8ge
31359212-k,yuOkTcTM
22249624-1,WDiBujkd
96213582-k,NnTXKW2w
54480341-7,YSTCtug3
41325900-2,Glfb7VXM
75397524-1,AUZus4W8
72018152-5,1aRhIlIQ
44626695-0,abhBFc9o
56744324-8,B90nbn9m
82254885-7,WbgrbSGX
67753422-2,u3L04pc2
97632307-6,YcLvUwPA
28673876-1,keRM48vj
89477804-0,fxMrfo7Y
45624249-9,ldSkoFef
70551235-3,YmuoEx7t
92946711-6,grEPp8A3
50728559-7,JVarY3mg
98661210-6,ij6OgdRB
60727093-7,frFSaxqF
65485230-8,UQ0AI8dX
59129614-0,1IcEmaHF
69822376-6,FbGim1gF
53087333-1,fXcOj0g2
91258242-6,UsfI6rf6
17341224-k,KREt7XYa
46531952-6,xiSj46kN
49641463-2,ARW2RJEo
58812264-6,LrWo32XZ
52158784-9,fKcM2WlI
75020925-4,QXwn4iiK
38629675-8,hLB8fBH8
37797879-k,8fTGcpXP
52698782-9,XLgs6IWH
60926655-4,MjQSNjEG
58378678-3,pgwbj39f
92244003-4,h6eaUrAG
89751595-4,fNh7QL6O
35414863-3,52UYxUee
81881771-1,shajgj2q
79348268-k,g816x5Qh
91957637-5,Lf0UTWdH
76362168-5,YL3vxJyZ
10537138-1,5uiOPFUI
94559048-3,HK7Yt6R1
11904025-6,kJ7N7to7
78413522-5,3SRgT83l
13863556-2,8MRbaxQp
29637564-0,gKDGCLHL
87624695-3,2paRewkB
64367868-3,acSGgK41
45026733-3,YCmaEViq
16943787-4,Dd7Rep5K
77191435-7,qeWecw1U
10927357-0,eI56abkk
66976509-6,ozPvbMj4
32086803-3,yJg4Z4B3
76762441-7,w29X75uX
47121914-2,NdC37gxU
23047484-2,bMomCHNM
73026642-1,YMubQqbF
21016824-9,gvw8l0ij
59749734-2,vxWTSEAU
48592540-6,zVwdZtp9
70433997-6,UaTtrAgR
10339840-1,VNZ8K987
69767927-8,CQsK7jtP
73454838-3,nyIAVYnW
34039148-9,imuhVpxu
93591226-1,N6Pm7dWS
58648727-2,xRVet7UN
88107942-9,jT3SKAmP
46805723-9,CuMhwD89
92390198-1,4ZFLQxp4
17611254-9,CJacq7GJ
78301240-5,k9pwzi5V
90730270-9,OqDkhany
25919808-9,tqnAxo3W
92060023-9,TBV3qwA6
91346186-k,aSmTW1JY
56405384-8,Gid2Ng68
32153494-5,dGmpiNUw
54546935-9,SkdsjWiz
48269008-4,CNEzd9E3
50942616-3,RCqoFlnr
84327091-3,eZCW4mWh
66714421-3,RVa7inqE
48007583-8,02kT3j17
14585428-8,kI9IYYdX
25450277-4,52vHtsYO
60456055-1,BlKqAQJ4
90494178-6,QAOHywMT
95199785-4,B4TzqEy1
13947632-8,x8ECJA1t
29004298-4,WNMopHna
63968995-6,dhE2wtfK
42494071-2,fljT5KRm
11123767-0,aXuT9lOd
37285914-8,arlYXs8F
79725852-0,Nlx9kGeJ
11118739-8,5EOgSlnO
45273848-1,bqiKfTVT
33461512-k,AlOI2Ei0
27626683-7,I0NG16wS
12920124-k,oN4FiRsh
15955355-8,9wf7ckPI
14495790-3,AdttnElf
49552236-9,FotOVXi5
40161573-3,bbCjuwgi
12969098-4,je6kaT5t
41775238-2,N9489x7S
52792841-9,CMftQD2b
82533150-6,chm78sGv
38100857-6,T4LaIYFv
69691126-6,JnyCDq7N
99302343-4,1ONYehUI
35155157-7,bt3SqSzv
35340502-0,iuKsDvf4
95711978-6,ScdmlDyc
23686910-5,VAVxsL9P
98357275-8,fsh6OkKT
77484278-0,xiODbOmP
52258791-5,xhZLMVPE
24927693-6,ximdJQX1
71316667-7,NHfNQT19
37780063-k,mw6UZS8P
15795964-6,kxPQhEnt
24655915-5,tAaI1KnJ
12177977-3,3rdUbsIX
79974368-k,6g6uFcho
42868972-0,9of2XFWU
25696685-9,S7BMwkCW
95423202-6,f1IhJlla
18984900-1,KuXyKK0B
57181678-4,YMvd5010
97163657-2,affXhb6R
42714709-6,4COLDYck
88667817-7,UbXgSn7E
50814284-6,KuD2zspv
